ph,hardness,solids,sulfate,turbidity,Potability
6.2472407130841745,173.55402001866508,389.0523804492249,343.72585370662614,6.699359079456256,1
9.704285838459498,143.29311282579798,587.5341641056958,267.51173865758665,6.346607573627272,1
8.39196365086843,177.60395702011925,374.2919438953497,239.83995723054278,4.9148446106588475,0
7.59195090518222,182.21171490567647,714.0083945534404,247.89777938784485,4.65553249312672,0
4.936111842654619,181.1958089586208,612.3659629401755,275.63985394025366,7.928739727093149,0
4.935967122017216,191.61561451109245,381.3672750802604,282.40393410917454,5.898896136583025,1
4.3485016730091965,186.67844309097808,553.6186384425205,261.50019669012715,7.632716643072289,0
9.197056874649611,179.18360158456875,487.1765391614125,235.19416678750528,5.229502627751555,1
7.606690070459253,168.59668577082707,647.876176562877,277.19395862629057,7.3621254855421645,0
8.248435466776273,136.78078132968017,801.0675669034717,309.07133100569854,9.606556074632127,0
4.123506965774815,178.5923643826517,318.7241295531383,329.7514732917782,8.172331600785567,0
9.819459112971966,174.15375374326223,617.2539118721126,272.12884734458396,6.1751723635670395,0
8.99465584480253,175.43157674390747,575.9800806650039,279.3501088928283,7.514397940711855,1
5.2740346640696565,144.4650284835938,700.7010114675699,253.66508455763446,6.518669650939574,0
5.090949803242603,148.37886919183475,631.9794942356534,298.4280414812612,7.015760369389456,0
5.100427059120603,191.06305706665808,487.2046002391771,257.57856829045926,6.348777895702993,0
5.825453457757226,169.2088969228669,552.1419096500073,328.65639066206,6.671329588229217,0
7.148538589793427,183.63001394745248,480.59612147947666,210.70667540329444,7.42418670614835,0
6.591670111852695,170.56636752260923,761.4010707897897,282.0185163773769,5.0132826008360984,0
5.747374841188251,170.5951227899149,603.1967473007913,315.0553669595871,4.968242346020043,0
7.671117368334277,188.76567611951995,885.178602862951,309.1917258161252,4.222914892337577,1
4.836963163912251,159.67910543565253,590.9008779278068,434.65168319902483,3.79945779099258,0
5.752867891211309,171.92241553881968,493.7389849634306,317.4900012283954,4.565434615559042,0
6.19817105976215,160.75449422589915,372.9428411080759,249.7972701578995,7.318925013608259,1
6.736419905302215,161.3100754513537,329.52904856160825,295.2267876455463,5.214424969016232,0
8.711055768358081,163.81655753062722,362.3796085491765,211.18768332667742,8.027228928462193,0
5.198042692950159,174.44267543267426,640.0689976517225,295.97001253516197,7.0694274975051234,0
7.085406630481669,160.42502756673045,676.3087534844901,258.3471971499621,3.0629915731238926,0
7.554487413172255,195.11512251147042,362.82139469517995,345.7695137780081,8.30995116844338,1
4.278702476319986,152.10785395560993,734.2557471114173,272.52298627022327,8.62159729118342,0
7.645269111408631,166.26256711677283,527.5408422474841,294.16170421023764,5.012274650330293,1
5.023144742123749,161.2053788345165,622.0189517978324,268.22210792977984,7.840383085789983,0
4.390309557911677,198.93955768707465,841.8330942383136,386.9425675926666,5.287003525181602,0
9.69331322352,173.9310955302315,734.5258973798298,283.9378616941044,7.195340753496671,1
9.793792198447356,190.6368907893727,559.7204028141251,391.6278521739601,4.471003186090069,0
8.850384088698767,140.28879253926056,466.3211661877069,340.7075881059133,3.4137870949308464,1
5.827682615040224,175.34100531738517,277.22768980060425,324.1033363667693,6.234365620774063,0
4.586032684038303,187.79261591246873,492.127002113637,318.436657365876,6.752542107450328,1
8.10539815907294,171.6456797855085,568.3304641758458,319.68986491081256,6.204640612770792,0
6.640914962437607,191.30960750130703,451.92307092732244,203.61637103271948,4.631938883554881,1
4.7322294090686725,159.65423099799256,580.3114549361543,286.0558302924622,6.200201875737726,0
6.971061460667621,198.1869488037116,611.5277824438152,342.2578985592161,7.538589505161468,1
4.20633112669131,215.977962472385,566.2716027287883,297.55514082629475,6.910213939754926,0
9.455922412472692,162.74322879120683,502.499612876481,229.74050765982125,7.365002061198426,1
5.5526798896001015,161.08994957198456,625.2982007950092,297.37977747112654,5.659769599091534,0
7.975133706123891,199.067689542354,666.2910974354113,385.2052758127746,9.34343582943232,1
5.8702664565364655,201.59144291461425,436.44013838357307,362.344585776736,4.647653326890438,0
7.120408127066865,159.54279945693463,811.6398569619405,296.8997995316984,7.975120594173437,0
7.280261676059678,161.59626365808285,585.2117801573607,347.5724638529043,9.363782185919924,0
5.109126733153162,164.36430782278987,602.8274434417272,281.6746489815974,7.961816185497791,0
9.817507766587351,143.11098977931445,706.2321634884836,214.80642065866405,6.59495154587034,0
8.650796940166687,151.62696107031604,634.9824196895253,253.77670059352226,5.943405906674042,1
9.636993649385134,149.91718466495865,742.9704950869868,378.1444384254099,9.072175302092512,1
9.368964102565894,154.64404869791744,643.0686247802736,286.3003459085348,4.154050149476654,0
7.587399872866511,169.30630225226437,508.1343938039343,287.8308010312491,5.059751479240713,1
9.531245410138702,174.6842946507304,654.2255287809153,285.00809018625597,6.204884469016557,0
4.530955012311517,201.01000985628153,428.44106890190073,395.2068294786503,9.475307515023996,0
5.175897174514871,150.0329191852242,616.2839558664784,381.29794576810315,7.759535272081792,1
4.271363733463229,189.68644796953168,595.0155014033309,410.9390116724067,5.063908482979509,1
5.951981984579586,165.72022311548983,568.782471409119,292.04773947999746,6.379384589230193,1
6.332063738136892,169.01072580695134,580.7193732841604,314.78122443735475,5.771353711807411,0
5.628094190643376,183.49638984333208,317.7226431753541,224.16787252896046,5.58042201553293,1
8.972425054911575,147.54555956875402,517.6912638388558,373.8467213059137,8.957779117113558,0
6.1405199601615355,177.64819492368102,613.9267351711673,241.61102243660326,4.256513741472989,0
5.685607058124285,173.32904416426112,623.97845879961,310.83877818813147,10.217561711468747,0
7.256176498949491,179.84902528016298,445.8487288611063,245.1348736183578,8.656459380369245,1
4.845545349848576,175.78337287815637,789.8561761297051,270.5566586630652,9.181723341207396,1
8.813181884524237,219.1060027982179,470.07377276782483,258.13687844751496,6.074120975949484,1
4.447303862078625,157.2452003149737,745.4185800790106,269.6062369662091,6.700118561841781,0
9.921321619603104,159.38006089996364,664.0791542807527,273.04386484255105,4.133696370950576,0
8.633468615779945,157.53718947150472,503.06590352342954,272.58656025374614,5.950675185866394,0
5.192294089205035,158.89045761679492,866.2966338914268,341.6666955890154,7.987309695286302,0
4.033132702741614,157.25225745386965,420.95447523652797,244.756860346874,9.592126123562792,0
8.892768570729004,193.78033062215104,737.8731260415002,311.02707135069335,4.785686366395097,1
8.241144063085702,198.4100849597971,750.0873477064467,360.8979576152779,6.268988126029468,0
8.374043008245923,158.58507412501046,499.40696863850326,274.3401817743302,6.697401559534955,0
8.627622080115675,153.35288853791542,808.8697950096494,264.1040554626199,4.20842159561503,0
4.444267910404542,179.42831112772808,562.4930228101571,288.47376874098745,8.1826984835168,0
6.150794371265635,158.95553911438057,643.3040443919786,358.9862604180355,5.552019336514782,0
4.695214357150778,182.65863635511022,639.0482758156832,309.7053815476679,6.609219297645952,1
9.178620555253561,174.058460417026,579.8536887794178,273.4392852696201,6.096101256176245,1
7.7397887609653475,139.68511770005537,721.6212409739674,324.193832559402,5.421322988560651,1
5.985388149115895,200.95010402660122,719.0233080828319,244.88539250817882,6.985910029038891,0
4.381350101716142,205.91755346191044,337.7202040142729,334.0679755221474,6.568780842863955,0
5.865893930293973,157.74422619031228,795.6510364317229,320.4303653850884,6.256284235442669,0
5.951099932160482,162.24596880128033,350.62620179464886,284.6095764430558,5.543076756639314,1
8.377637070028385,175.7173078144981,754.8819306512486,258.07071007763847,7.639049341565911,1
7.8253448281312785,176.6891357997405,769.0057705241375,255.66595388582715,10.30723453698457,0
9.32327645545796,183.1708854534566,436.35503546772026,326.7408668172955,7.279774465678255,0
6.8332895509716955,210.204090775327,538.3778568068122,361.4490251244531,8.992236429822258,0
4.71756547562981,166.461055450119,434.1442997271096,268.1346126485603,4.219556149693075,1
8.27946872333797,154.03405510923093,567.7618454566897,322.9193351775742,7.315522878587539,1
8.564710291701385,142.41361543970945,553.7948573721388,195.64864906989658,4.805263362057866,1
7.367663185416977,155.38139920116163,716.9490798404009,270.76911346714,4.046150144936197,0
8.625803079727365,169.33746054252407,796.5463119179412,298.4470533564549,5.521257185081927,0
6.9627735781863445,205.89115727035576,809.3525716184934,254.5158291509083,9.383798668827145,0
7.136396976291964,159.64777401927657,515.6747960132546,253.1746812605202,8.90003165733929,0
6.565246110151298,174.47575903277797,568.6167189383208,266.6110221765557,7.4860094441088,0
4.152514760464571,169.67154207854495,347.48427116685747,314.60963641631866,3.9345988802201384,1
4.647348561959827,193.76786546896167,479.1194900255717,290.63354907968125,6.607438697224127,1
4.188575114120406,220.53864851747244,744.7277449646186,188.0884383337514,7.603400017803471,0
7.818462467582682,159.3826245415936,842.3374235322348,193.9649923682467,7.351072459157196,1
5.88613588645796,160.21121114963555,414.8476692180117,269.6567411071412,3.3124128330385085,0
7.051424146988216,190.88321754138144,511.13036112706584,322.8843293026776,5.219364303960257,0
9.445398843556557,183.63782979252622,596.0391364561609,162.62475786373827,6.871844471702567,0
5.495753374893249,206.93414651472068,642.0241738229411,275.0134911924185,8.07258181903438,0
6.462297538213779,181.67856370651927,478.5594720117531,273.68760717412897,2.607744357800107,0
8.533306831258292,162.81415818425882,663.6091566696134,369.41688891042236,6.675752049040283,0
5.372788992949735,181.8130966138462,528.9240979393626,280.74890941435683,7.286097539757905,0
4.461879458972758,192.17407161165815,597.8321593682581,319.14944923704644,8.699223977032426,1
5.738508717482608,186.4096436239473,681.9426372005549,307.06285700437314,8.385715168474874,0
4.9673277235240265,180.14548062214595,600.9633404716407,193.47167600963996,8.16514263761761,0
9.578185914055439,191.33349379178307,534.5421164210147,338.41036083158684,5.400118986596132,0
8.848722277386502,193.38591180891345,583.5585294111254,310.7698252728144,3.183995725753385,1
7.800422539062541,197.64317982075053,586.7455561191997,325.4134319837295,6.213894485877198,0
9.228763541126305,182.97419775179284,544.4983455176808,496.31188532181636,9.00326365041712,1
8.822032461394688,166.65763839366292,561.1805905999347,195.79435302507056,9.786909055048863,0
5.119420353316215,172.93427372866645,839.7970755757076,386.2348324880554,8.421098204595571,0
9.355353990939866,194.13017933016715,684.1379171911858,285.6276240299822,7.858681645603468,1
7.2360534514939046,153.66128658025528,555.6779522956259,314.36644522015047,7.759279296771931,0
8.844640930984376,177.37346617745803,704.5431606766103,297.72438773493786,5.887762506478439,0
9.376547799540958,162.1332237534528,549.9270765365985,278.7881833300978,6.73987941289276,0
5.908020849831184,170.57489645869634,775.9686956379962,271.50835358806205,10.338139051652663,1
4.66031154716606,195.56903725214596,655.446328829714,316.4754367786505,5.114883988416247,0
5.36761097525165,173.82198136039807,583.9046783993657,224.14131516641606,10.229557581419703,0
6.562646731757538,170.92873096312297,667.1575388715416,337.52895837608827,6.3559436910158835,1
8.90808859553496,142.80287718040162,364.3685771897251,279.1902797557373,9.650864218190158,0
9.164383499538062,184.92507132054442,430.9848796635292,243.4965330479821,4.1863699810049235,1
4.041712783187144,182.90968362282152,420.9112490401417,277.4993571002093,8.171808402329297,1
7.064483815465394,213.2650944661092,621.441464214556,362.85746084312865,5.526459728104756,0
6.504466018892674,163.84443530093998,859.8772499227638,273.23324564918886,4.169465616151625,0
5.332646862824381,174.3830065532788,934.6950219288949,317.922680910481,7.437068084821892,0
4.719192204002097,174.9876736742151,695.7076652161136,263.45218621422634,9.018943577191937,1
6.025691028421768,201.5490655952695,675.1266712416685,337.896092496181,5.310117122813008,1
9.657458223475114,168.09408935226097,329.8413398770892,334.2753869395102,4.0019680790831975,1
5.939217592124532,175.5804305154068,518.5989300398967,392.4304416648206,6.81631047133009,1
7.112743730460196,182.1579301943308,481.83243721376414,291.2218027250392,6.825129342445638,1
8.218113753371068,173.73218246312717,506.8728602623326,333.43274023789536,8.096639255108997,0
6.181777614275764,161.07132770898943,574.7784272122816,304.90337697694724,8.899189142728977,0
9.830692496325764,173.88179985796614,529.1864133454309,364.79358909315073,6.881169637455012,1
9.774683769652668,191.47263499719543,303.10502844363185,264.0583806195635,10.711006629588526,0
5.510693774952185,149.46969401177878,712.1865384176301,337.25026564386405,7.448469489070583,0
6.983491035354312,172.65939348293753,439.08854613902906,290.2651351941659,6.307146987986201,1
5.805269858900618,155.99758370121654,635.8870296166724,296.7905911445751,3.776865281794344,0
5.709042966264805,193.90093257849685,911.112400462496,304.58762422241864,6.474680959367665,1
4.221321684127197,139.5362619043245,462.0923112620365,312.6120198213339,6.327226109177728,1
7.657386003879381,158.82156305456823,220.45687158805055,294.1885478439021,8.92060959256294,0
7.016074139373169,177.5442375012904,557.0993667179833,310.73565915852635,7.924967248133708,1
4.308872507499936,201.31048058468681,765.1439452497857,378.90590287810926,4.641261756734766,0
5.671878785419668,168.68499477854024,893.7521181330891,349.2724842807609,7.344508772822075,0
9.449595315799922,158.89600946613604,415.5675608321375,343.45772962484483,8.343062343458106,0
5.437371344001835,207.6231413888118,674.5048834854782,277.22302369880646,10.056062718775665,0
4.8693692325473386,141.03972199167512,530.203431482992,255.5379585885838,8.77500793482812,0
6.936716561665378,126.02388086759836,584.1077468543797,347.7650279118876,8.521693308622956,0
9.913902724663604,178.80028900106666,996.6515020525552,343.8023396264897,7.120171989230327,0
5.452331629069002,159.95891551294778,374.554450740727,373.6335337875491,7.776624010846899,0
8.03281328443527,149.57534365738573,638.0609492241861,269.8009687015385,9.499009801412317,1
8.569717691972306,184.16712894598706,670.153975764815,288.52256723198263,4.3344452050407005,1
5.425825263954398,174.87601427542398,762.8679487409021,218.02579187372828,6.301121345566088,0
8.369298091671158,158.71842738526544,614.6974730206343,280.37644469695636,5.454862502487519,0
6.20669879631552,144.39391202658211,646.2075809256154,349.82852552897236,7.758306237452248,0
7.793834983561477,187.4491465656029,541.2527148867314,276.6752310385901,9.460444351301575,0
7.801178264565368,183.00402355917322,640.3690411867661,332.0239897600412,5.806051426557852,1
7.214648104448551,168.01648272441236,548.5211586753884,290.47484470010943,2.219391265061124,1
4.54173862032645,206.9327399209533,693.2357834784076,316.20285141107803,6.17555850995106,0
9.011814973535428,148.59830467347695,544.558449593455,242.61543050921665,8.826947464034813,0
5.9246803898304155,139.48949658150522,656.565059085328,304.26047248169505,8.075259805899758,0
5.119111062399125,156.1618386023751,595.6105779472532,150.44320145496383,7.8563724956211525,1
4.2446508493285835,169.08827967289005,768.9075376158253,290.65519209190074,6.44001339625104,0
7.545357659129451,174.86678898645383,592.290941461727,218.47633781424298,4.441938527560428,1
8.065386171053694,165.1752788428734,334.0451297689678,360.2997258273408,8.030588643248935,1
4.099526973567137,177.04110793028593,789.2882251070987,338.87036763822556,5.33143637993075,0
7.072558349795686,144.9692115161911,464.14015487060715,323.33354909830405,11.368193466760912,1
5.358974651187628,198.8752920814652,501.935049202677,376.050311357969,8.141014416709032,1
7.871036742456699,168.35697643214863,510.6508058934762,252.55417395875813,5.838703394892098,1
5.046198574029948,192.34591663176255,806.1657139756226,387.3681598957779,5.777229505222744,0
8.145626428614795,176.85450692755407,279.64886790319565,346.60957821301923,6.814111586772824,0
6.3204120778032244,179.13506438307567,1070.662280048999,288.1722356390527,6.5209961559565,1
9.620379932420407,181.3953456046441,758.4085213599078,356.7810073591472,9.23366755105991,1
4.8251256648759595,178.9541712003463,633.485837119374,244.6853243794183,7.372832339488093,1
6.046398106301551,182.8544551973509,591.765899907557,258.7742919236163,5.536736522182943,1
4.680841127443534,196.58305060264863,642.8331112286486,269.57051383801496,10.780881370311565,1
9.548161709671376,173.9304233940294,678.1683642569008,273.55111459679927,7.0986166630404455,1
9.264036120285887,184.18007515177024,696.7823378925085,247.17211786198737,8.537679351937793,0
5.547649766290934,168.20528611425547,683.3406699005172,361.15415335476627,5.7835469851104815,0
7.959904276205075,198.80234430898946,613.4371021882873,287.05727998150843,7.726231255489047,1
8.903333201207296,156.4721539588146,570.3992369539011,317.625248417844,7.62221998228639,1
7.331204869596774,206.0188086582163,577.3090074519732,271.482431679316,3.220701415807694,1
7.177903470136039,169.19684098711312,570.7637579470978,208.96983497257415,11.030550220921281,0
5.45111374540271,141.38449795763904,770.0655145300597,313.5028679195711,9.581288921845093,1
4.558616606835395,172.5620882982158,689.0335083421293,204.38725122901116,6.205609367708025,1
9.38329454771996,156.3789668505024,158.94170480035797,296.5682976957266,4.795460519088289,0
9.402508342979983,186.8128709797745,698.3851164794642,231.5842480583595,7.6951232276071035,0
7.798608743639607,156.9475204139522,629.2104292078162,399.3637999615404,7.173395398828793,0
6.034178746292204,161.0763313357044,597.1936865331154,345.5681361087361,7.711337897126459,0
6.095257447675966,132.20918538108938,541.7222320366672,305.287689563574,7.383154792388179,0
8.355734073221436,160.95387361501847,768.616907997902,363.1853338827334,8.012481978611852,0
9.382661559715462,121.52241346742088,742.1289693184287,257.6842011267132,9.894611398783614,0
9.322518545590704,138.32194353028552,484.06834982645864,327.1739689335046,8.136206410257293,1
8.679253275145744,185.20829312288595,661.0578430686803,309.9905216859357,4.900689002180117,1
7.852189876925727,185.71600317301665,454.2514898188071,313.2010040666835,9.725125705424905,1
4.504839789970293,178.5091512356993,393.0572752816604,363.6176750053384,10.281229126976575,0
4.969772284567682,150.66047713741574,505.9924163115052,336.6246051389901,13.30411346902417,0
9.391325131162475,169.0457728771604,729.3590208574138,314.43618314125115,4.7530119335208045,1
7.638574357957539,169.92794921818864,742.968756806413,217.2556281885852,7.48576402630055,0
4.055182309699778,146.83270621614915,676.962813014594,251.99768523602683,2.8358025936220255,1
4.608829257196192,200.067966035343,708.7643680271996,293.8645533202138,8.106298312758419,1
7.981010614648335,187.54724581151342,677.4267430672437,304.6686187138326,5.903599403666455,0
4.030369503077312,165.58071652340672,503.77776071655717,243.48981376630383,10.846891589649907,1
4.964848308504992,170.53771677989062,664.7883817010911,420.5838337789211,5.450770059962836,0
7.2924027361995165,174.16765615895105,720.0614287841523,375.8197027626786,3.6216339240654767,0
8.15137118615616,129.16530263151418,713.1436994720361,330.10591601962415,6.0574725185949605,1
7.911767557015603,165.05645234958806,778.3370057211964,303.6018430641872,3.049024457565725,0
5.3456158567633585,156.36031504004404,706.2455770801596,289.3895515049424,8.50219890901462,1
8.273075328085216,149.9675998021017,652.7172311312374,252.40407699888823,2.869833907487359,0
5.4234945249808,164.3779941422809,760.5225357474641,303.8740259259431,7.056915162366318,0
5.952398188955606,205.95373053699046,596.021811112641,312.88762700713755,2.8443763602876064,1
8.478948430708144,182.8168572253402,467.71880231584237,237.9119712259188,6.359404390926716,1
7.8977973942832875,158.57642020434406,575.5399554084354,316.70882086224486,10.286756311609068,0
9.095340462965067,181.45165562712316,488.26460327903266,292.2370475587626,7.72129578287159,0
7.94567735380206,197.98710873172004,498.72325875384274,204.60962210613044,5.273012790070132,1
7.40985162001283,188.49267365825537,578.3221993926724,256.9807494610249,6.937593022121832,0
4.562048606968554,171.19260739840348,481.1370118500058,279.3197233289178,7.036033744088893,1
6.206294818356601,157.06126444588853,553.8057705541439,394.38438286700955,7.945260691686811,1
5.591214206090353,183.9644662722718,315.95779995693215,327.8276562266879,4.266283273438347,1
5.463937860274502,177.869707708435,631.9940561059408,233.22592154500543,8.18513454769466,1
9.838063328514673,187.90386440055465,600.1808213043337,324.3018144708818,1.5912167367944496,0
6.358586348000562,182.70343603363938,477.4367053397714,222.63480055308173,5.740230895272379,1
9.352279331062679,190.9910543063867,698.8868502648608,354.13455269435366,6.023452315096911,1
7.786831755983577,159.29529576878863,740.6355206439838,276.44376740910604,8.266653652142477,0
8.768867821249891,196.34788131268652,358.86602034465386,295.31819056304147,7.045261705353738,1
7.015822558631153,173.951992093848,485.59128321506785,366.2898323771095,4.188873892287427,0
7.461423307758155,211.5052174525053,484.62864753190524,235.6418215707875,5.0300137483659695,0
6.955106162913183,156.21624363820865,459.01453483367027,230.14409074435042,7.397360019094814,0
5.171457926788267,204.719276063305,724.4212262897622,270.8200336826998,6.841865316270887,1
8.334712691569031,173.95821566925295,570.9260791840795,351.9189425509658,5.841751780728507,0
5.684634174645135,156.97163992771104,560.3227738034084,224.0326962261579,6.038332420976041,1
4.1458957985887235,160.32228331891358,299.42064533898696,158.39222009447155,8.392335994318579,1
7.872833775443007,163.5930538361136,695.3127045313839,277.44205707955007,5.964614854261571,0
5.062664076442294,178.48331892803833,414.1112407719791,327.58703999554604,6.823817511941853,0
9.642751506117486,180.45670976071,608.9898945399492,360.01308748694146,11.339873176161085,1
9.723571462015524,158.52599992122842,641.6065406937288,276.84193189573006,4.152634726232154,0
9.489186341322691,169.51290815478035,804.0987893757977,279.4286696441999,3.2963145368506828,1
6.220952201532667,212.8454071722373,403.67694013213315,357.6950367127874,8.567179329597213,0
4.092739699173205,204.55086340201422,147.0731766268762,206.51291501522897,5.6427138774117935,0
9.569911375526353,178.72647339348063,627.5774317130542,280.57396124084954,6.36352494451476,1
6.569104889903886,170.760069563364,870.076677226628,309.52119449625286,5.437687243737772,0
9.799928914262019,172.40062653436522,785.8419529409156,322.4609360642517,6.480399718464975,0
9.781719862535518,182.27035945460833,631.4489122911939,274.50966534045585,10.197076224192683,0
9.11805673280416,149.5441486960319,526.2545721551929,301.7220505852921,8.604256917236238,0
5.766693352417514,164.8524692515331,721.0683894955965,175.5836323293505,8.724447023773955,0
6.310586371611551,136.6283185224482,453.9680700443297,267.08757938330757,4.167545888414709,1
9.106820029101142,177.9844624521056,671.4536654034329,322.67543562772335,4.6976925268942615,0
5.901532030937666,182.9439187940548,675.820523874994,250.88529828726604,1.3218426810291461,0
5.016956480116555,160.33627075401253,759.031486124832,302.9492110794799,5.3812383578344924,1
7.340807574750101,201.47973526580066,1013.9490058366616,322.3436250401349,8.913406372771316,0
9.616928644964686,145.4846867399532,658.862395076815,282.87253995711177,8.033893031496742,0
8.176178780049838,140.7125023958036,523.6554561438752,308.52318854982855,6.556973474095752,1
7.42036702053619,174.48903637119943,596.1638531712008,251.8633717357694,6.955399432563894,1
4.583058962624611,190.9419660522431,334.63861426663226,289.6694360151977,5.622228914849189,1
7.690043360195018,203.67855382915738,495.79303033664127,330.5108084794611,7.409517764803568,1
9.94032310062558,160.8223147426212,538.6076342830344,307.8486480484217,8.531756558961229,0
4.840504091419144,191.5736166686259,521.3867403098111,270.67343652180324,3.7682264251790545,1
7.10997791418242,169.22983060998587,622.8532308050583,311.21082021453964,7.599295375674696,0
9.264238431567733,166.5474540011836,476.6370101426699,335.7304895318309,8.864869741909335,0
8.444611706525226,187.67319874973344,768.1546000986707,197.5029360711261,6.169799422073261,0
8.182094445971607,183.04645756826838,600.0310597377296,357.95370324779486,8.401401224241168,0
8.214904503922655,138.472156860315,598.6049518292078,283.1872630659464,12.629308888945106,0
6.156946907318531,199.53080699451792,550.8157925230623,321.27449666201153,6.791314414026216,1
5.761551065586961,197.60182708294903,623.2786025788469,359.8623461822614,7.786614100010647,0
8.856166932871082,157.4887459698094,723.7647397001452,231.4163151384767,5.523885832677217,0
8.860680368075084,177.91607066874818,469.930467643365,264.5279498786227,7.362502325204101,0
9.202433911480622,179.88060372565477,501.2825266387115,285.57256520621473,7.920543249964608,0
9.479443315338827,175.21347531647814,554.4410956835003,260.8123239437786,7.3896846805402765,1
7.068054393165626,158.9938969230916,398.11936147901775,386.7468287918404,4.9606093605822865,0
7.009097768123198,156.56753264123898,477.11132104177534,257.16139530866036,7.412723542650902,0
8.789771073800651,169.4889185801711,528.5668689683012,272.2226610256567,9.924391877435273,0
7.899783584666591,193.45458038518728,731.1583771069091,310.2194515801488,7.897271529029054,1
8.21180126354622,180.87200309188864,639.3841993502888,239.89252369619555,8.923974378143683,0
8.774756016616607,162.58771335827788,629.0384867051316,280.2159644121868,6.525976059974744,0
9.340032050905398,185.4339742129669,727.6346943251958,315.87266306250876,8.49980047884742,0
6.027970941109215,113.02914758739848,579.3942317400905,283.35697978087444,7.558535676433052,0
6.253497715839664,192.97531400744208,658.5697274893334,295.3306570550026,5.098178540625536,0
4.563891639045214,135.20572442443802,584.5167370601256,273.53339437758143,7.637042009597749,1
7.469680845977043,162.75118117193736,639.8043524099443,224.27648454096163,5.016606673119379,1
4.2156536427804525,147.60660210747713,512.5862013582627,316.07966056696193,5.734239450230416,1
6.793588108794761,144.1063704855819,234.17742625853566,387.74665358236206,7.378656614584748,0
7.25586780824546,193.2165357475704,579.8581256720544,300.9200815391719,7.594488546760248,0
5.719247512769707,160.64597597376218,813.412220414991,311.2632058623775,4.621535069845741,0
7.5449995634140645,176.93007763461432,738.9323103362389,334.636137755843,9.107971542365753,1
4.183001499634297,169.06158842241632,744.8096226886756,236.53347517266505,8.144012556600945,1
4.224089132495287,179.54081654446242,785.4196082709327,385.12573290648027,5.590543128778233,1
8.935603363957949,171.5364378212051,613.2986386442157,310.1164398211401,3.9248304071016493,0
6.161143848467577,144.3401555162286,629.5973561108393,381.5928449544555,6.710190841837138,0
4.762363075911309,189.9253363889428,507.35221568484747,263.34835022380054,6.10811257227768,0
7.133459560328826,160.12486833677374,552.5890715959425,390.9030961278912,7.226280914106046,1
8.619961318591665,138.868362026805,692.3656724656712,338.75777470173915,6.273766677688867,1
5.294926164981059,161.43769678068176,780.5826655753224,327.6520042926179,2.9850862785099803,1
7.737342854914002,200.01519581268622,579.0830586478501,311.7012227176574,6.223306123397683,0
4.512084789962608,187.00443484226986,532.4716102722882,287.57356909627754,6.388761777863374,0
4.310090327011646,163.0269573118428,600.0791938284896,360.02658292369364,8.267322049548117,1
7.188127789408888,163.01484591363143,690.1810123393673,307.01799349240235,5.603600650777901,1
7.243810729660639,163.56729897565234,383.42177757996876,201.64651482064238,10.357349346745131,0
7.824579408989239,211.53495967121682,255.5728570294143,244.14067691464987,3.176718898696486,0
8.35654800233597,177.63870904463107,517.4194725762625,290.70771239036264,9.622334995605248,0
9.855112476775208,178.6008329438214,416.89313611287616,315.49994915827773,6.55136205824379,0
7.097802089807172,190.60566908063686,523.7789703529033,297.1705755550052,8.719169744687113,0
5.937738837647476,174.77578318053028,577.8329521773793,360.9485394896832,7.159602968117466,1
8.771117168612221,164.81915708358594,532.012738646548,202.44490679806876,9.279111072050938,0
5.624993507572445,166.07300301830043,817.8701301706118,307.179396825258,6.2252760708943775,0
6.633828524233817,168.56797481171873,649.011714690348,209.10103873064224,4.802759149644375,0
4.470738288053596,169.25555526980318,645.0711539416243,337.98561477420844,9.841008574542126,1
4.152104460492745,184.5525908727396,693.3310716065102,295.27706427789985,6.773038708235718,1
9.77589048806755,171.038917716146,429.1750323328846,320.9804986012059,7.443116947248421,0
9.015880723073234,184.6528015443116,755.8667681130403,256.8058519705117,9.46950382808959,1
8.175845236562187,168.38566839782834,588.635357019681,363.97324658288755,4.93608951581113,1
6.45371766648562,171.5727038063218,700.5720925861818,352.0862332029426,8.190981795278514,0
5.039765920425075,130.03598630935784,439.22141504397666,329.1772151505944,5.820210487074219,0
4.938622256026516,188.32655349404962,366.93618509759034,293.524137656828,6.735661288711256,1
5.501457388987572,176.92976951795984,722.6834487037543,328.99286426475663,7.144557930768578,1
7.295359988236723,189.96020219719304,656.4614289146275,264.6553716006326,3.999556277106128,1
8.287575536200375,112.07489243612622,464.6922668463734,342.7777829510356,5.442325914359131,1
7.961184260306387,211.76749409561455,469.55053780879587,382.47404471619603,9.702145784826278,1
5.679603381675657,167.20820743689652,768.8152176622154,353.5305279989593,8.772382377169592,0
9.729191683979165,192.16365633475033,421.5882160699008,263.5198765096295,6.87472084534553,0
8.427381500174612,149.20188145748938,846.4009429883945,318.0708658636552,7.486246917025786,0
7.326124315068404,182.25547810125138,464.9068898028197,235.34292281206763,6.411514988727085,0
7.670324477406114,148.93168873652687,695.7587888412575,328.6195155587838,9.713166771655963,1
6.517600374566739,157.5246207860839,550.7072286376523,322.53017064312695,6.599294844411673,1
5.486385937006945,208.28062707733574,690.4781146623515,206.5091830233918,7.463684184269696,1
6.135836071907569,166.18635198473308,518.3828996828711,241.91080780438182,9.29206028828413,0
8.547076662786214,174.34865746359446,575.5810640891559,285.84305516281165,5.445257030308187,1
4.086360931778535,187.40135461377508,606.1378763093581,284.9570126429587,10.117578368993788,0
4.696435843041497,179.9136377594521,449.6718816327791,239.52615322905973,3.9390771805132463,0
4.2760158521305165,173.00837810287152,711.1236518130189,319.4489364676092,10.259284262225597,1
4.244372813913821,177.2992200493245,523.0179650292622,312.5736804470256,6.254648832096051,1
9.132763504066043,218.0683117047655,565.7100126989972,290.286543401074,6.514602504349437,1
8.221947156280141,168.8476240593283,450.84759380872316,262.21042499208187,3.219979657634114,0
6.845042974523951,174.02198093429934,215.6499511807034,352.4353563208282,6.090410565244614,0
4.587004963906009,191.01308792015223,571.3458356099746,382.77035565441474,4.9203869379462315,0
6.949695250700994,192.11051865915968,961.8923132419374,275.82192580767315,5.784707309253054,0
6.840830624683394,193.7406061112076,717.6906431847036,269.391654142259,6.72537806842224,1
5.039211219460091,182.7746044405837,597.1109430398408,324.5603832705998,8.915583228945811,1
6.603109895427838,147.13990174539032,560.5663756187598,282.0985310126507,7.415206702801251,1
6.39102840638424,202.6686306460219,603.369883921807,293.0301399668383,7.615353306802228,0
7.695100588313299,147.07309213962623,682.0678672762815,336.9826575862336,4.808961222308875,1
7.810561905205863,176.05270930478068,422.8780777036733,204.53219562463536,5.23849182079454,0
4.2718240586322676,154.91448299961283,767.1482542003308,365.9151162426335,10.597450036702623,1
6.247675687758827,168.71723306814016,707.3071973161866,303.6340262164671,5.529597930473507,0
7.755159494285419,176.5752482060696,707.7278588561902,279.425342771891,10.31241650411459,0
7.018817551480526,176.42714430900546,665.7713608214591,295.53829228892755,6.513877602238267,0
9.138939047129934,178.4384150847057,602.9424986540985,298.12146775102593,7.004575872287008,1
7.95216178971367,202.27422538117293,700.929185395023,213.43993482775375,9.14073032045986,0
4.977606562488578,179.0706860302796,688.7721200612067,374.74691137266177,9.543784843877313,0
4.423412484402579,165.11686729418702,546.8938933588464,302.0662816135309,6.778374879441825,1
7.854515669237894,189.28174336576714,513.9597340654649,322.1501065223688,6.223513892956922,0
4.159067863249731,193.78940977849282,615.278444289298,347.57748852870213,6.888159102955574,0
7.51465348764078,145.44784369726014,832.3530227242782,248.941877121985,7.675915056464237,0
9.641381448549746,181.94800139699717,414.13393865191483,323.6735949517614,8.782607373739511,0
7.452845067255273,184.02345484621796,379.87121013713397,286.6179454550603,7.008459717988303,1
6.329019557239132,164.04872993280017,624.7141261854775,342.3385387608247,8.237772596046307,1
7.859729310654119,197.51413626623238,607.6331552784027,193.63862898242525,10.276719464541882,0
6.749517342949099,166.99888825934946,626.0012496555612,295.04528498793655,7.762619224529569,1
7.273700735895609,172.51152906943085,636.592979686275,269.8589672108019,7.623305712009556,0
9.648788852659152,166.53856351432262,566.5196618047793,321.6131475317078,3.9621783498198644,0
6.316615826804646,170.31158095162934,823.4795157903123,323.5022093684101,1.7385397263418731,0
9.767143382943486,148.07449826209597,359.86440322852263,264.6187052588987,7.776751458460336,0
9.432103851736382,141.1989823481141,475.7254462829631,264.39130679119785,6.8103515374382555,0
5.174746808735779,201.89010126449944,584.511785977643,294.46673157213354,5.970434650170516,1
4.416167805250993,153.06077303363344,353.5216783268749,255.1678886342396,7.487060408372689,1
4.60466800826456,150.17215301087384,573.6218393351893,342.09918477260635,6.879192541606184,0
4.109330953909298,126.93219772792571,849.2205248592027,281.5396399776277,9.255560501267798,1
4.56665776453557,157.22076504620995,603.1329732443943,154.65058903391792,7.1722217365179555,1
8.09804064049814,143.53820413185002,634.6051358578026,281.2588971689097,5.506153429859665,1
4.427131890761374,202.8403032027274,410.97528522411295,248.07280895780139,8.980332477918578,1
5.913853781762568,190.19634178685268,507.54578879407836,218.4362092269527,6.565737850107595,0
9.069251865816728,156.23699309644553,543.7205429514095,238.1286680888714,8.053073367344615,1
4.139631614414955,215.04871610688616,552.3427354865648,305.4704235916485,6.045178587614399,1
8.886810895533614,189.63530973983188,792.2465692505652,366.43204141241154,5.700346229005127,1
5.691128648640399,163.50337232982756,683.6536591087687,315.659223693249,7.168336460371393,0
4.7089889657299375,120.01188570252853,433.2813064594452,269.674830589213,7.025657287087371,0
8.180422992184905,215.81885145181485,636.9757167648007,322.7952097585351,7.9596540707336665,0
7.773657080679304,142.20855066472808,674.7332622745178,277.0454844890504,6.462708493380515,0
9.264832081162318,137.09202506086217,771.02235577819,265.26998154184275,3.3272804324592054,0
8.410426262823314,190.4514086401928,837.081102985256,242.2818665883508,6.1344522328232225,1
8.820885582309092,218.79504812678545,447.73587122581966,212.40855966241406,8.587636934287632,0
5.692207435427839,197.68545637021037,478.3713733184493,280.5038146720277,6.405247841513787,1
5.064637262678337,181.2781824010472,411.36332116280755,307.90267449600657,6.507233194970904,0
8.50368850984515,181.89508683330573,564.8970211339528,295.1688164992555,8.972753011811875,1
8.841008435603584,187.06831117560614,669.9537561669501,279.20165360263206,5.5760535454821545,0
9.94303085200404,185.1785717957353,748.1001774883653,252.71269696516094,3.9143935635142006,0
6.475706061468559,175.62382847938753,588.6073464536216,330.4123095842484,6.678737760949011,1
6.232108514756699,172.0840220790375,552.0228715117734,234.14340400267076,6.031652097502526,1
8.65847776445198,168.74813744200955,622.763698837311,338.80139569217374,5.067507360493492,1
6.0448212415181075,154.92070822266646,474.72856475549656,249.88914905366377,6.649243088202619,0
9.584543953621388,164.38649846266452,913.430808254216,262.37823813234826,7.983011294493568,0
9.15047651105807,136.1408637160923,358.85084593229124,226.66074046921614,6.981422876864369,1
6.5739641642501105,168.033207464105,627.7110868343586,274.92989265571816,7.613962145372476,0
8.505226406748985,150.22817785698166,903.540932884446,348.76562292389895,10.626815397030846,1
8.527257244508094,147.92821365568457,601.0199766839996,325.78140442219785,6.314242276884872,0
4.618743213015596,173.59788302306956,571.4941447497758,348.92110560140173,7.556697269289339,0
9.4153174400774,197.840045726892,546.3831865784359,326.1071272966968,5.981573274801731,0
7.031514234687143,188.36633212004625,572.9412477356389,244.81650857348154,5.307280560226054,0
8.95874479664645,138.58998792753647,805.9272712014795,283.46053878362216,5.83018469316446,1
5.92029760618367,150.20743726859325,268.22071330057395,260.9900435441269,6.042482856956623,1
9.373139370977203,188.81542375976431,830.0150551944488,366.528745201952,7.718951595094251,0
6.335210072404979,150.3502521292338,386.40642713247826,240.16056767868443,11.698151573401514,1
4.06502590888179,165.50733700005952,560.0021506148378,344.68488446945554,5.567913127448319,0
9.432291858515581,181.00104198049104,535.6133369552007,344.64769350543844,6.166749388769075,0
4.547720060716801,150.6331109027273,688.282990465608,391.48101008580437,6.873753973777504,0
5.915881825542489,172.1075101229192,360.2813472174379,279.51567036852515,7.791597697419494,1
9.70037180230483,143.31949010163592,669.3258999122914,335.6161079790081,7.52710162390957,1
9.703642881625337,157.97264712097572,903.6464434930278,414.0825918269421,9.568191587896234,1
7.440627328739716,176.39563868285074,395.5238993110784,269.11791615331515,2.1472158589295836,1
7.791023273018796,138.1401253293666,628.4559251415593,223.24798762338202,2.2261402596086546,1
6.690673131869919,178.80949475920798,500.7026733305087,205.99949830461182,6.008243655979701,1
5.759264630188387,169.60724402146639,663.8830809289553,335.63560144306655,9.194600375087418,1
5.971987272219495,181.04979908834295,602.8721666123628,205.84248959707082,3.8687039367888074,1
8.03511073646223,174.47828268129322,503.77696364335355,281.3840473531039,0.9847353206124856,0
8.51424717662608,197.28280859947688,673.1808427306611,321.865659351948,8.142358812438417,0
8.749474262355092,172.50449005295815,870.6522164680115,309.2587768414957,7.487314447405429,0
8.737708856767323,161.41188917749494,571.3644312409052,321.2722432092086,4.8195831864011405,0
4.547236618292143,172.44595006064569,707.9636913222273,311.11449279004273,5.02892079855814,1
6.966521828215489,180.86596058072774,406.00905631932545,363.9432906656697,5.060512560730651,0
4.345352560099865,170.9772014065141,456.5345434772987,252.38418096306015,7.22107063494788,1
7.297173293942413,170.81183382407764,670.8609416820566,266.1502430770734,5.747369447633986,0
6.6491830082402625,155.9601662438649,822.6174042803948,261.3670277364588,7.98812783795104,0
9.326225096549798,156.74198164898104,653.3420023178489,341.5095905931305,1.290746674191218,0
6.105490075312472,141.94789456400613,553.0412954215268,345.01992941975317,5.286296269744401,1
4.702402098565635,204.9915348637388,599.8937108135032,322.56126596592543,4.7478920781779,0
4.857950092317015,145.1227352921743,412.43883990454236,359.1746833444964,6.487318643255016,0
8.569063790304833,156.14189604408185,690.677298953305,241.09795663118098,5.923904483019723,1
7.709308379897566,155.63185468861604,732.3499593485113,383.36120557755686,8.595687559791534,1
4.606736056736741,187.89848753888882,532.1864500750379,376.1619310856129,3.281326456679885,0
4.504640836689985,164.10100643415944,529.4936778360748,336.7810998622873,7.090982952661504,0
8.20581478875472,194.95484145347467,639.8817344478073,389.089945438553,8.11667284642341,0
4.436578038185161,156.53018751512263,534.4920395939107,217.1688396161113,10.71329487312391,1
8.931160355742136,175.57988324447604,590.0801078061266,273.7775931868674,6.03646805781305,0
8.237453362938977,153.29305893480486,914.9582683749773,263.23482696590236,7.6489172087050346,0
4.488092683851399,212.90298255546776,562.9461448881005,336.07396618786714,3.39227441487527,0
4.509026284511151,146.24803161940974,546.2489771968167,247.49296301989273,2.2160875913739524,0
9.919837471007053,176.19641420454056,502.8687291547261,337.87475746687426,8.6895487515634,1
6.245624774536722,182.67553761864198,711.6287957249905,368.5268071998357,6.9888794127038585,0
6.223852882401346,178.27598194902995,572.8163740172846,334.76014500419996,9.357025379596845,0
8.876797403545016,166.29424682244584,502.5940442517861,314.1875511830751,4.253194222060502,0
9.683491464303152,167.40358600533148,798.1956048409518,250.60633295496254,8.039804279057504,0
9.916006382937226,170.8762294395822,812.9404506770456,257.6574516937318,10.737635681087706,0
8.520269111553649,167.05995996743022,509.93646513919424,362.48094526483334,7.839411216714532,1
6.257557513185494,189.2775823358982,320.01900729590756,338.9674501952666,7.5531630111820975,1
4.501004300192013,214.21046003182704,751.1270534755383,298.04902403112277,7.0171121616487,1
8.662881495564621,158.85016429984333,497.3055261359994,279.1045227117055,3.8582370857481756,1
7.350425498414831,142.60394040841845,718.5938398744153,198.70960634443117,9.711145871420696,1
6.5453320554818575,168.2343590329749,304.4844273432247,246.45737906577807,5.778284720389868,0
9.438126310568416,221.59418675308638,733.8896007448964,395.57095435698614,8.008966512766033,1
4.667184893836908,153.9265086406054,418.32421060788283,235.97722144987665,3.873931386857493,1
6.955750625745155,202.78233610888134,709.6146178599787,309.47399106105405,4.641080670984439,1
4.068121868604514,203.55401628152882,602.1409601754651,350.37219865975993,9.87017479844447,0
6.811963851964758,158.9282351658401,456.90908709050325,237.25386659988538,6.305395422084314,0
4.3378196540910245,181.3796615837055,538.9445530609829,309.23552373905414,9.90655095208509,1
4.712907497608431,202.56793246257075,702.9477685435052,346.89577687553276,6.843538681882964,1
4.7051574806626295,162.41744518025027,615.8841679672852,300.62496609536254,3.316204454084285,1
7.895261812696381,165.92839279795277,687.6619470708727,443.4201527833384,8.78413519946344,0
8.47626927559254,158.36638172102712,896.4660876773228,216.57003705609026,5.820215364488784,0
7.500212590582958,149.70486538614267,365.3637582433423,352.93642649419394,8.397377627034087,0
9.77303529084725,157.01444909867985,842.5818862452936,291.3599131301768,7.050421735080164,1
6.249223477142224,145.52119466475486,615.6533906284819,338.5960077418338,3.9137635441142593,0
5.714272517691164,170.68166936518452,465.18239275153076,322.06535758496227,7.328589530741138,0
9.211594769136761,154.60053537882717,400.4529561391515,263.3421901445002,11.3924462843056,1
5.341575031116716,174.67571823581494,571.631941383445,311.449819622967,7.985972917028919,0
9.779335236643668,138.88208707592744,738.2475167886689,207.10492743008564,6.884964493989074,1
4.0729268481388985,176.61760464428914,580.8676319433698,330.16237502856967,9.150686803913796,0
9.819272960245835,186.67057923217848,826.6732395371021,314.90792329952626,7.4213369304062216,1
4.258959471703457,130.1252871485709,382.32364649226616,331.93300843215513,7.4190684605255885,1
9.346858682188426,177.48113139695144,598.1866578230918,352.9059162543575,4.816749655681795,1
7.166206654517799,194.55337984946584,412.14098333803213,318.38099201048556,7.467696051579197,1
9.957788776715802,145.8071796261759,654.5447823937452,307.4044709899138,9.070886832833889,0
4.442779388412394,203.45144773675406,733.033108514595,255.9465831669354,5.327875695799951,0
7.323125706407925,178.3803801873209,536.885730947842,264.38896181754745,9.848991642493896,0
9.815815213714593,155.89976288483183,209.36792150592987,359.33673100886654,6.816587951709748,1
7.138587065020893,168.88461844684588,629.8422220194742,371.81677028529896,5.224460976922918,1
7.776391828811575,181.16653825043446,665.5107827600265,288.0944781843973,8.99526415384049,0
8.174492133907703,171.52010782824823,660.6442132442546,302.3001373626637,6.426411528523461,1
6.727246388606639,180.77511984892737,785.3673287733232,254.7692812503117,8.519029774972216,0
7.765348480504381,151.5865281384127,439.3419480526427,358.63784226337225,6.4164827354829255,1
7.505885871538601,173.38721648072155,702.0324158175674,333.2708411845889,6.880347712940193,1
9.406948062945933,141.7257100619004,778.8761268716962,397.0608718231874,7.987120408668583,0
4.272678282048747,167.77547877302598,333.2118623990225,256.08384614101305,7.581794115180012,0
5.685779137553382,151.9218471707042,647.9477738878466,281.0996050490891,3.008936439096523,0
9.702468904459352,155.28940114820466,524.3730253488493,311.5722961262786,4.7575125198112165,1
9.341582703345498,194.72186350420876,587.7715990347531,332.32447688628855,8.858819969581631,0
6.733940516714277,191.8262024118854,652.1514725307504,289.2166181226184,6.735726822196906,0
7.720795586809221,182.18276241814354,526.9157153829672,256.351945477315,5.952537394457156,0
5.664287097886796,148.15374470654842,498.64378812575825,344.07037644617856,4.282851969485051,0
5.128726958342568,163.67183100610396,605.1228626232037,336.0567681272791,4.840527357448304,0
6.782190429639893,194.26195399958368,436.9131091705796,254.18629497181377,2.956402720076105,1
6.120113368156317,172.8343382727981,437.1262306672222,367.7721400552748,6.797438562596934,0
7.501936671105232,216.3865907996339,701.9059924434755,358.5099354598302,5.803124838837906,1
4.466407821789909,177.86635678788744,427.6808947262016,306.71482486238966,5.066824218029369,1
9.846368845996999,173.84098232980062,699.9468751363818,303.97989311880184,6.8637531496640936,0
9.917264466877617,163.81767071595,669.3886939280927,327.70288855579537,7.727941261705476,0
8.18897028411847,172.67081809564564,341.12899068141047,256.9148464871871,11.18639586441989,1
7.216578198064722,166.95060327238912,498.3653021496517,301.5015739582041,3.976233160873573,1
5.857165697717966,184.1621735337718,779.1164104571059,192.380822769541,9.318762086601044,0
8.882770118241691,189.1340463358917,452.82517032904775,343.8227822751468,8.946203122030145,0
8.108387035323275,154.28021078984102,530.3393606535918,221.92533887790702,5.441814521246599,0
4.975701636069347,143.37534092884442,669.3091339877844,375.17099142144997,7.406471909172062,1
9.465563106963055,133.27589253793406,717.5085763923893,283.4939953016775,6.084733501324769,0
8.935223457539013,180.15982653825088,562.2691670933257,289.41665090344117,7.371377160837477,0
9.698799479751544,147.93266787652254,510.37347079625374,268.61330469577473,10.0182620268091,1
8.35431705033016,126.94218814095035,813.3554792547761,285.59805630389616,8.211212465262626,1
7.680491175614739,177.7715720906193,860.8349495696368,370.9265672574018,8.017216746466884,0
6.509458217743713,219.8599903486558,746.8287076172693,175.60956717324603,6.139381360090715,0
9.596370900124079,169.87858176920213,612.7977213847536,363.84826930440937,4.03188667015133,1
9.19638333700245,186.76981548903285,478.76014175386103,316.9011740550854,6.583063578919184,0
4.271312020637136,171.6365871709513,475.4333390165152,239.64891760713923,9.41321630972783,0
4.158201846983512,168.02220693617716,678.3771157898636,246.2343803475381,3.945664286820705,1
6.258780201268298,188.38152965975536,662.7597331333026,383.81965136041015,4.88982126364661,0
8.863319984690998,164.19450911622698,810.2397889419644,252.72465600286344,7.252535472468137,1
9.923656775889667,175.34784628143805,697.5675138804208,242.33247447020204,5.030690430305475,1
4.902501346621169,176.43395612392027,374.5379547360273,356.86572711823646,5.414953105769575,0
7.564784292112811,156.63819092713902,757.7921426584378,316.9276438142957,6.152802836543646,0
6.285345139786129,189.84084699073045,450.29090590283806,253.10372117318005,4.268765191619702,1
9.819486386887618,166.50080486609184,542.4043092071472,310.83124877023096,5.051756307567263,1
9.052713538814253,154.8850968101431,637.5300309377542,248.71236581798615,8.406855833574618,1
9.029972228266827,180.73019687140808,899.3501234675946,355.04106992113026,4.385260435538072,1
6.812158958769822,152.03064036417925,1066.4877834008041,353.06854824365666,3.8042557310103247,0
6.488917014025991,170.56362314738257,691.0084588704274,326.6003099410972,5.739950040932211,1
5.640442431584237,169.81762006711594,572.5205071919419,318.0830530623508,8.46391100501969,0
4.338252979905563,191.71791131663156,680.1758472720826,388.0594062433687,6.606156384006221,0
9.188334257530318,179.49396465759907,733.1483138810754,299.98431636941126,6.070837843768763,0
8.877406054780465,169.49946082509712,551.8998561664213,240.90629372895995,7.0887175950312145,0
9.998306039716784,186.35532598400573,869.2817033868483,322.47369564161534,3.508585134280696,1
9.979821022443431,197.80415098034626,634.5106138787103,404.3023524768557,7.989411307550065,0
7.332590233615765,181.15620612703725,674.6614633637091,249.2620253407074,7.766870062807288,0
8.613924491083063,170.20705239686762,699.8886378081692,281.9268616653007,6.181383051808558,0
9.668594379294568,143.7632753529968,663.2379915921683,320.8223019050726,9.011849023592834,1
9.097884344064468,148.69772673849255,725.8410750704418,297.30475754971303,4.745007802093923,1
5.484088610459186,163.89550591290666,507.41202201796153,250.88482098113428,9.255817986507138,0
6.703264811860561,157.80975595681434,516.2547369080954,356.09289281152354,7.308987331190503,0
4.77495649090897,166.26057394029107,434.97686505424576,416.00203610086294,6.326894820243654,0
9.724306163552335,171.13299849794214,665.9251845930339,309.8065729511954,6.9602527292633765,1
7.63704780670528,180.5938550871346,716.8404755268172,254.7965855132,6.785470468378117,1
5.371856833020776,168.59002443881818,668.6659299227829,222.55197374732626,9.440565792835434,0
8.03020410643514,179.73003287652404,851.1738650021306,312.89879906105904,4.846641745057973,1
7.708769442747375,171.2894882962024,599.160597175643,355.1938671658129,5.4749615217068035,0
6.148976308197043,130.49066867292257,700.3112483388769,323.7583873247691,9.07260578414496,1
4.681345553197774,151.2132921236249,436.24486857910284,299.8798079540573,5.808930129632282,0
8.029439173556797,167.11824888556768,541.9350446288398,270.5364174105347,8.801066154663182,0
7.121846205422759,145.80610514317786,704.3306636348666,245.3918183640955,10.398871966017419,0
8.633910350413835,181.9985745999241,727.3653166114716,341.7375663162441,6.196409946116733,0
7.12098100667196,200.61501664687395,555.9049578503726,345.6885810692793,8.362724653150611,1
9.113089001911241,194.37523703394635,589.26011222129,222.71351066546333,4.692615437320283,0
7.311441032646913,165.73114258139583,372.3189379978786,379.4919489090342,8.509466596135619,1
7.365627829212317,199.81452273699904,546.4456198790086,328.70356104470005,7.3988479719735345,1
9.25992161595007,172.97334914404223,733.557474527968,369.9797322572897,7.94607656432043,0
6.420897197274382,163.25828057763923,686.2807524159849,232.89361257574424,5.70885585592921,0
4.804091370703844,157.7319467291812,675.0998582071815,231.70879222922804,3.677833168865655,0
4.172696057880033,163.95060627023744,607.466053077144,292.55153451163517,8.00650412949901,1
8.530823534041714,162.23646362917543,601.0594737942265,325.13922134475973,2.873193695041091,0
7.7218573081207875,173.40832444750976,500.95182907898294,389.81804114634815,6.36529901551493,0
8.22447860859534,173.2114796209973,704.8242630303803,335.30394569075656,8.88236373283994,0
5.277784969053465,170.06092040306828,663.1459416584084,287.86593615939836,7.3837954717460725,1
4.818228853520619,178.738763394927,673.8028271989199,248.68153961670538,10.896685289579626,0
4.087267994007291,193.81292549572683,521.094773599863,361.5000286359575,9.050218305163547,0
6.103525352839582,188.99108270882647,276.99856201931334,251.76472871246426,5.692203223348847,0
7.539506121127799,140.30204063100194,764.5729067630543,381.42342773861606,7.054626759702877,0
6.353464270598394,118.9215773019609,528.1743815987394,285.78076751967455,6.905258594911128,1
6.624849532142374,188.68639822478548,470.58363539353195,379.5291036308925,3.8356464733077456,0
9.424952166962491,142.66242603169158,704.021836787099,333.9465645029639,5.119202167031293,1
6.089532802139802,165.50469196214632,541.1981040121306,293.15022552787707,5.8784781860402795,1
7.083936934958865,146.5977394788128,758.9904576069932,274.0301814086937,2.927558994288127,1
8.701918076446859,133.96039124839962,692.5508924365047,282.95460613269603,7.094986936503286,1
6.379256693927621,180.82925456409575,702.5353984800716,321.4158346187619,6.501856310693919,0
7.732520201367241,185.18310320605295,395.10664331991984,303.85782481088586,3.6542121973768515,0
9.17418225248047,158.4697919854656,781.7915978079601,270.30942959656477,7.8084257305546645,1
9.697123741945852,118.1791541571018,639.1875796850784,291.71842948411836,8.43174548938192,0
4.882440885574228,159.07511103495034,544.6084291130695,303.92885148595747,7.454068957729778,1
9.559525750968966,177.83608010805094,621.5082701013376,193.5632952792594,6.35186364958206,0
6.952697758477229,140.42176862451743,333.564715065252,322.90840573943495,8.182884303503709,1
5.54946632979375,173.6671983955831,661.2979217221007,251.01393876415966,8.360440720953383,1
6.754814537429568,169.6938030165401,445.59427377268923,242.33337983971273,7.614807139439376,0
9.880195451712861,181.58582999202176,397.09945712346985,215.6327826444645,5.350775499130478,0
6.955708563957217,172.39160736828308,371.64612206731636,210.30537510660548,7.553201531022362,1
5.9725096617250495,150.5386211823689,766.9032562484888,232.22762484438556,9.390961301650957,1
7.800405125900355,193.93143003328981,505.6104909460817,264.5489521184755,5.80674188277654,0
5.440873712669158,166.8294085394606,830.0591564874749,397.6629568763284,11.195878678264862,1
4.455179968651984,169.45390920980137,519.6297805421553,273.7060162052398,5.948738132029231,0
4.773278331463896,151.3346408185361,343.896306361058,308.88750531340156,7.064814026680272,0
4.768275033746635,161.1343549761698,432.52133400770117,320.0240693253164,5.655028807987327,1
4.911416161073766,152.30394571946198,785.3717430010408,306.55325931079244,7.446541671840522,1
4.83296303589646,166.54107880153154,576.6152733094999,296.12782696370033,3.5155566147294497,1
7.845248468819287,204.23416960284686,517.7569055264098,240.23531182003777,5.907916402366558,1
5.0912805063948685,142.56197714137286,624.0027338779181,372.5463774139606,4.815757599302866,0
6.074003699943179,137.72877204246518,675.2674104251317,390.35983218189426,7.270676695784582,1
9.380730459436071,199.42340654987217,767.6098223853692,215.86706529386572,8.988894751017815,0
6.843769841577235,165.81352645696268,817.2748844839389,248.79857045568102,8.292012374229103,0
8.005346431126164,156.61854522680167,546.0347031316371,286.0094828811497,2.2566812782822154,0
5.033919227209779,190.79809374792154,401.0928470876943,251.77311025449043,11.08413930585576,0
5.153734112852025,157.88768920526272,537.9802258315086,325.29827767279323,7.590559881241736,0
4.245211697598873,206.52019427093873,639.0420759874329,263.58638987966935,5.447001719014,0
5.013610378432987,183.5585174267854,455.4361610684084,408.2528033903301,7.314255837981881,0
5.671542034191752,160.24177183708593,456.42736276574357,359.5274297171798,7.352379645005385,0
5.062062905660481,213.14616426531006,651.5681822324829,310.6287015316108,5.666302566096872,1
4.532215202542334,157.88570153993322,592.7021472644324,351.3493131659866,7.395833334684151,0
4.723815226603605,184.84190744018613,604.919549311738,355.29502121786544,5.785055424759386,0
6.764672608196355,175.98585160812985,486.22569979498957,271.80262559708785,6.191276014619954,1
5.238002310434755,196.03482578797596,565.439892869135,259.18913777290174,5.627441728489831,1
6.185619166288452,201.23022393453707,461.3650283597543,303.9071531484824,4.1346574205206945,1
7.020503625129141,170.64008298131535,733.529761668718,343.0818062248972,7.291672940430768,0
8.142368971776191,154.93164259307633,755.2874002085629,306.9530199326709,8.170598873032676,1
4.235872839046594,179.19944285878233,323.07182066428595,221.15017589045016,8.029767192152745,0
8.796462393454256,156.44569260495788,460.5733709711385,259.8587778024579,8.639850505270468,0
7.767402336945446,210.26774495053246,375.52061173648815,296.3013568202811,7.648680420029736,0
4.4905541916932314,172.73070662165475,502.4964098389653,296.21671978370847,5.934549003566193,1
9.241471744640663,162.69356897375783,587.4843045314459,398.6271088394904,8.679327728862377,0
9.525234403190879,173.69360611729817,382.5532170452205,230.7006028800501,4.2849649203161295,0
4.366467759129183,143.05747420940608,461.721028031203,325.27946209179373,5.198657234975039,0
5.661265888883222,150.56771922978697,449.4063941877752,374.45565541641446,5.071599857153511,1
8.837207678758368,194.00827815888852,631.0900994098416,413.57248727113983,9.16011211827862,1
8.48955814230195,156.86211442057208,610.4016505554375,279.7801288408019,8.885577028280151,0
5.107126116138264,149.06178034636122,491.739366999412,324.57147263601,7.97461047408999,1
5.256095940020262,180.73305505054572,626.5231308209097,328.48801785993237,9.143859730423594,0
6.222832616748292,193.71408309325994,517.9979873119102,309.77408657766455,5.241434435176024,1
6.907137911146128,184.37906621330134,559.251733451092,295.0577399380347,7.6971902397219605,0
7.709528629181776,189.92095371611632,851.0178135447806,321.7987694750023,6.749651143233671,1
6.213481837418635,154.86409822861077,801.0691577685521,173.38769573901573,8.693764207769828,0
6.775208296798887,141.56378666516312,405.06281446086035,334.10347450313157,6.769551534895605,1
8.48482562880254,200.02667303910974,724.4598626818762,306.30889518309834,6.230114223179838,0
4.220099217343588,163.54640322315728,721.7094831737388,288.87625516108676,8.08181703712198,0
5.514621666064125,164.98333967089906,427.7605066871073,402.3431097859779,8.752338334382465,0
8.280097515307315,196.56388283698115,722.8166465632291,266.2532990604724,5.6633096103063965,0
9.371241026123196,181.1246001880132,830.6897877618829,279.84620054674843,6.877848657295248,0
7.070064652693997,179.11775544163214,431.6182790633379,399.5776651102367,4.883118732716694,1
7.192680911591894,213.30004689802166,462.37457684786045,258.39693475750715,2.003877965014121,0
4.643032068038656,157.12963539239715,752.6492200265254,272.49423585317305,7.400919262827458,1
6.684474200940728,188.55680256162475,640.7242966238472,292.6487288284575,8.217810712509264,1
7.195703598730139,171.14026249794168,682.7214412859284,342.03672410647744,7.524133618173451,1
5.454823021808378,175.37184557726513,651.0883824600745,310.3901253676657,3.1008765644912657,1
5.615459385696286,200.56936852825064,658.6043881392217,235.36873264238687,6.298301139847051,1
6.263704978627736,180.1567151257925,401.0291807533375,273.3915718436405,2.5633044798978375,0
4.120427186666358,180.76592158099265,757.0976559932172,269.6322783393894,9.73940221530837,1
5.93247499349907,191.45014674619605,775.438498864166,296.1389477388477,4.827890835763828,0
5.268688041979268,162.7009454091423,565.5913883897958,321.2921829314914,9.510807218919792,1
5.964984113067488,153.2158066532199,593.4784575279207,320.9102877943986,8.891739287368292,1
4.718572790915507,149.10381611957934,370.33387461664165,211.1994122975799,5.198819294927876,0
9.34316368443937,130.67286821247995,677.1382134026752,353.19704937804283,4.73443009746451,0
7.561554721324292,211.12414259880643,685.8086162571216,312.6284422998312,7.700740432772676,0
8.074613914866937,147.93583268556634,590.6713474501033,369.2266023796953,5.311351925633858,1
8.73502743164403,165.57492752828455,768.6530039805754,322.20991636453357,7.204969284316415,1
6.990653193574344,164.4637340022216,549.8884153530089,355.0661478867881,6.034344818386163,0
4.521521728524542,176.14813395618202,684.6908888840401,323.32726557250635,3.4376831710687332,1
7.2226392509112864,186.31474425078594,447.05034919618265,367.3112878101374,2.539063961751082,1
7.521046708125275,187.20946976719492,596.4671773688643,326.1125318008889,7.453368496989194,0
8.47263684510598,158.33845122862124,573.8468613145747,295.1042376778548,5.876884507338749,0
6.589957277378076,166.65756572427176,633.7961883061413,413.62173602234407,5.893820366171735,1
4.765481816773383,175.651599009766,544.5709606749962,344.4518561139946,8.391727678187571,1
5.702655434792347,165.02617747632905,580.2791106492498,328.68722105022067,9.34688455326489,1
6.178493778391811,202.14691152039984,723.9070757162259,236.1847791730832,6.454910557276381,0
7.875503447989607,179.81949903276504,534.4853644142673,235.5846191268231,6.3188025861802775,0
7.424669828013471,184.69755572099635,359.0134348891981,314.6357741070927,8.000286066227767,0
6.1365803553870775,183.25762537334825,862.4375856308131,307.276059888412,4.286128860600849,0
9.919091492757879,193.4694771497065,807.218111803573,269.2938717495842,7.446306109495394,0
7.634648916141323,173.62043117407413,406.1605957341572,307.049134980603,8.103771943644308,1
5.423360750415966,144.06336104088308,703.4561707867791,379.43134640217977,8.360460416835258,0
4.6106948357224224,177.99375903505285,524.5537844172985,334.77012372751494,3.12649459499507,1
4.917154835105992,156.9728621241634,639.5230822996589,242.94957451236309,5.477289460382119,0
5.475746370307049,159.42766636500485,644.1336193520241,294.4245586428528,5.243473494353067,1
4.964088239557334,181.72728037510186,564.8388299525517,259.75167595737196,7.199773908818426,0
5.119402144307834,194.76566142867273,482.43515016204054,280.61500417957194,7.961489159535968,0
5.710571012163083,170.42543153472124,496.41884215256107,279.31921671851785,9.993420814891962,0
5.040241571768529,176.17666025197929,462.5712126778136,276.11772086979977,6.010069039263854,1
9.380592547758551,204.04429889270477,475.22666876543326,237.24323140133026,6.004855003381572,1
4.481402473969853,174.81506358977137,589.9232564925967,293.6172659240905,9.299344037757495,0
7.147068337421528,222.0336622836079,492.63600163338725,271.9696181576345,7.59315387706061,0
6.462380961937969,181.3101929126309,702.307809856893,153.5275654998866,9.535303022375947,1
9.894271701451638,134.78474481688363,823.0869233003891,402.64860122508315,7.5774560060196725,0
4.672233413008314,185.06683242209064,512.9920137944936,354.4384827108336,4.685766762573458,0
6.38713359427445,177.62316769765556,635.9106750803065,281.1849637537502,4.333743290444387,1
9.816822599652212,195.7950550816549,674.9527665454401,300.9409524870299,3.896975501882142,1
9.193042755363882,183.46362702539918,670.8003406378912,241.4172826341219,8.324103669516946,0
8.902432425695679,167.23088032032453,611.3932901874131,384.78614389054326,9.377193646174016,0
5.547416962269639,145.5140352742127,711.4023627539584,394.8644347386556,10.698724282772762,1
5.025325524340395,165.81953485427948,672.3373429020986,307.8346864123262,8.686210664646481,0
8.011859319546586,152.989590915814,414.35063665090536,351.17653220926724,9.325677155069972,0
9.576255934765515,158.38953100390555,730.373409658391,308.76433894669617,5.839967334692631,1
7.3405773580835785,181.77156808841218,733.0936255900112,233.16372805620347,4.687168366512287,1
7.429676136819399,203.39809008702812,485.50708437321276,279.4088315518171,8.700158664835106,0
5.6798745619617055,177.8934305964596,605.6906753171403,306.59639833859785,7.835361504478802,1
8.616957599151622,146.0823387592963,702.4993489216604,277.2726140628278,7.214888748681785,1
5.12226249134514,178.8920533644028,568.6029270630958,289.0673361282482,7.7747429612659795,0
5.942075418425462,193.93262973291303,760.9467071649018,295.4300221245443,7.646370964916412,1
6.5526186316985005,157.80434191361235,954.580874192904,295.9560751067269,9.567633719707123,0
7.04566227210673,167.31965666654165,482.10209510475266,302.6129245248742,9.589971169633912,0
5.454458394490482,170.29376389458395,392.8433095269338,246.96974668016995,8.088440704680695,1
4.689020948435221,154.3020337383552,645.5727893407313,264.1491925436032,8.691605745125857,0
7.663720254649796,182.9656086768772,708.2343757689215,235.77078671500152,8.028125104849552,0
5.731783319441535,167.58103702784436,565.3700439232847,348.89077748431004,6.077660535930762,0
7.487429328535674,178.39064887814055,817.9890994981552,194.7176529079838,8.51312934982628,0
4.926176291645214,152.250156443958,399.2091300415127,357.6795171658463,4.211009862281477,1
6.886840611128905,161.25083399353178,703.9377934547417,369.31746986314215,9.107783104591766,1
7.195536595309515,184.44762715655543,509.120876886166,284.89097065086895,4.61095412046793,1
4.310941220934561,162.54333695816467,857.9066859310944,169.84314560863507,7.571606573589466,0
6.019625669163523,204.5392770246681,898.8773029752177,281.93447190163545,5.309692083147683,0
4.8064880616338455,162.00727628770795,485.00151183249784,296.790791935559,8.106777966148854,0
4.380249822836607,174.49369451503773,517.566429613713,249.47008900355434,6.932149548144182,0
9.939761394339671,188.6518166374618,728.9381830469703,274.23908030958785,3.8104880836733352,0
5.934123069848338,141.63268534133937,541.9304025315728,376.5097599431676,7.8413992620369575,1
8.85924667512781,134.78382376038448,593.1883173101643,333.24635811508705,5.844158446334578,1
5.527843928582583,139.4868737085981,603.8082630813615,253.771794281095,8.762293441626738,1
8.089016333343576,195.25168206854363,312.04902657035154,220.1200415202284,7.002651377468815,0
8.561367159338118,158.96283708215105,597.9243380858644,283.6491341195115,7.790841970776077,1
7.573832443647065,221.16398571336504,496.5408338903739,289.3271610324781,5.084862089969576,0
6.82945713130095,158.71504802685223,526.0315766400342,324.80995936816583,5.821335537145276,0
6.471045484883611,173.69102606394074,816.5448005203222,273.23416437161706,6.082722727797831,1
6.093209599257972,200.8421990513575,411.5239658581115,325.57497876809305,8.71340496048511,1
9.577174865486956,210.12185776318245,721.9807780121967,396.75770200301145,10.354754175610978,0
8.983716446726374,211.23007153272795,558.1555604502287,340.77505112221314,5.389656496514247,0
9.790161463999075,194.16732461186285,558.0359747256248,297.59557463346135,9.153696289315361,0
4.745783340913269,190.48125051622924,718.5557844077567,290.8424764473353,2.660645164548596,1
8.385204851221864,181.85053898402367,651.0076941853335,282.16634329100646,4.611621197815421,0
9.630042740926227,185.56722152333276,685.5919495829296,359.03204562260726,5.082443087626451,1
5.087398396993961,158.97628567342935,745.2276990799292,268.63432770243486,4.294982621118555,0
4.398977604200665,153.63602233155385,550.3037425225016,302.26113544999913,3.83282322042484,0
8.446723895740355,169.93251085178096,508.16448982383747,302.55989509405424,7.825997824275595,0
7.446838679079471,166.59630754950143,437.22742101633025,274.9107903594234,6.5718646045442775,0
9.050972660549633,160.9354390134545,476.18842050315675,231.37672260579495,7.75881079521022,0
4.838634259757737,183.9277489491343,1042.3641637963087,316.1487251808834,8.380945372243026,1
8.771603871159341,189.1061041714102,786.701937110518,296.94980140723084,7.531233986345067,1
5.209763920286467,171.76813772583694,397.3388450687968,325.0120234718285,8.315526352300747,1
4.981935657194227,199.55060162110524,401.6313064884645,273.31998467804164,6.860935427515461,1
4.985594787585958,147.1662177173299,672.2799092577737,361.0410649406524,4.626013223388511,1
8.887448321388293,166.12681081440564,682.0897196066951,256.16131093940777,9.115628361641592,1
7.991183324177201,155.6635535879439,682.3325752976046,385.60201420089464,5.821775734437746,1
7.138392548614716,132.66926765853879,561.7566309669453,212.61817450858692,5.128807402475148,0
6.152982904741015,168.34638628314602,581.181860999565,321.73850322784455,6.644164248391204,0
9.26320324487865,167.56504983233432,649.1819286239036,323.7715341263312,5.174378161406974,0
6.354670644535812,200.26899486484263,612.8839509439996,260.2221466029559,6.165139236021136,0
8.899596636829463,182.61623369109554,267.10494408786974,321.21969689305064,7.688107843126933,0
6.634809451421311,149.5162635134159,565.5300554137209,363.97593348800797,7.696683478492254,1
6.2616665765494455,207.08185132668376,472.28903486095294,189.1590580322968,5.204339867148741,0
6.776078714017639,194.42067391050705,626.2817128362768,325.13724037454074,6.02458925410251,0
5.808267244984853,181.6419540693723,1047.7888503905115,175.33645898349613,9.148666009540488,0
8.485656281057507,165.47031802300336,655.1222498211457,251.7167598238396,7.992800235467882,0
7.016322340554875,150.8112152655304,552.9705470741403,381.4583182450473,11.150130078697083,0
5.393276170880904,162.55586447857894,738.2702252965878,270.9108983303973,9.360256347483055,0
9.397447439647411,191.7749723940837,672.4031830813819,241.30600177955137,9.288586137119879,0
6.303347328239268,207.69172611869217,663.0141735677762,290.1031135507659,4.224262899088396,0
7.261317166683932,200.86487056544377,691.0275889823506,403.3953169081776,8.527720703266844,1
9.438832665787281,160.22301156427451,908.4815347244312,208.4158876396987,6.8937863966061785,1
7.745427975483953,147.60765133421978,430.36673470111265,247.43450441803276,5.898036392923501,0
4.701388244250184,172.81772493822407,671.0448115217182,374.8715841589813,7.336030681065057,0
9.638992741680852,134.63121268874298,461.0428305027692,392.88511717688664,8.890423069222967,0
7.766248318428508,176.46335428369562,683.3268969513373,294.8284387854858,8.001663182008423,1
6.009433687942517,167.04794827402662,462.1970232770858,238.04736487366787,5.24305239731588,0
4.835632435980323,160.67926996263515,537.3949779592374,404.79217509045793,8.48491782718524,0
8.764151135621777,138.1059386546641,555.736512864314,379.7221195874598,5.724824915848072,1
7.720436535571081,180.27200213139434,746.3725079017063,333.94734938811166,7.433366237928572,0
7.200766551857929,159.3459832067618,737.768166591362,259.379882553129,6.393299865045732,0
9.363355498305745,146.60166328579425,413.1423935330423,297.5485329580982,6.562267496528748,0
8.731583267347185,112.554755734367,608.2401166499773,291.98199594775843,8.53248595008102,1
4.910049278396507,169.44970189898729,493.5630217876241,316.5425652307789,4.919612560368204,1
5.870332406773289,205.4450319333949,411.2242633986998,372.5500719065668,10.890390148553866,1
5.490934838886794,203.2251842909574,567.4474424363444,343.97085205687017,3.3578278614110073,0
8.463677755436063,160.85807486827457,553.7275817316271,246.1311961507621,5.804664633490286,0
4.201194608414676,157.95575879276439,964.0074729518283,368.8248225009769,7.740423779883482,1
7.419338109227899,179.37548512150047,664.9439738041044,315.65660700065774,8.16862833287062,1
8.574752114444143,150.03229121623417,393.3573748868644,334.3532897929458,6.799048558856589,0
9.260593820570497,176.03583799638932,515.2838993743587,373.3270429639301,6.885218593996915,1
6.052490492295445,185.3216055676938,753.2074943144098,244.42098752432244,7.821100170655233,0
8.927543828032077,194.53866447768615,913.2664159304887,298.20872106467687,6.5378610450846395,0
4.663790421731243,167.99691847040094,362.10250316430626,273.4272724320393,9.786362515869811,1
9.07871375040711,165.92652499646067,318.0113422291432,221.6070287317272,8.678698228463205,0
4.764931973991894,152.4403482648688,880.6447763057673,317.335498880246,8.74564870201127,1
6.383723743362204,153.46239291920278,658.4421266056356,425.5778275792212,5.067686553259166,0
8.783772194677322,165.47042216196945,469.75609021854507,207.99611277471234,6.841223151188594,0
4.899504564092643,177.34731013632356,680.1943629183653,298.38596944752646,6.3990681025585925,1
5.375508371395849,188.27169252466499,204.63783914746836,332.0271467537387,4.9887972486210685,1
8.333515410358398,153.9364209863931,600.5063259895742,306.15391008280903,7.7203283678915335,0
8.320219219276446,199.85377137919045,649.1731759264628,294.343597374213,5.924708484440367,0
7.846885797311784,164.5775279791486,738.6405209306745,235.03918182770877,8.310807659700474,1
8.1636906668026,169.5726541130313,447.91560715611934,311.6393371470082,4.859616874211337,0
7.256346660085577,155.05576641704354,612.8530742105039,262.1618011492037,10.438081225683643,1
5.5107943534417165,121.51519479454117,461.1863060910619,190.50391475107233,5.207334682815876,1
6.074175961023517,187.680907927221,638.3075633511476,359.72961102568655,7.438604674400872,0
5.089586300808554,184.73687794184866,465.69805164554634,347.9192909921021,8.583718620776136,0
9.45070336800177,164.37344885763574,538.7848741259669,302.583048842554,5.858719139599774,0
7.500350768596723,171.33981434449743,450.6276907814656,311.4537344102851,8.704937286865901,1
6.405108500581839,180.318784354082,697.6704362735486,353.7159006357781,4.541632804399168,0
6.772034821864796,138.74908286226915,728.7676674984998,311.21698283890413,9.90423539836512,0
9.683700037670892,159.4189464530741,564.8069145063879,345.20087773806574,7.028298529931517,0
4.920108418696481,185.88529359243654,605.7356992440042,285.1258899563075,5.80717718406224,1
7.517378992100784,144.91421153661503,382.7112878049684,365.59918692869735,6.401636455145131,0
7.035332073306796,175.8711586433326,555.048502798982,316.0392862966342,8.617838538785438,0
7.668725412607887,142.8683639075319,592.4693074437383,309.7025971802937,5.831089416299124,1
4.108661102925043,179.32859964867052,993.1189636544963,236.4969455643984,5.501284621154445,1
9.23274345366491,169.28717035405032,433.20494613387547,314.34779271508546,6.556926804832524,1
9.592709694901675,137.6973636818898,819.6265858128656,258.40225412527747,4.646075774460064,0
7.390799101535253,193.29478708914343,749.5288160198712,268.0858636735753,10.641087815883632,0
8.179904943261354,155.30816846403903,642.0954606735205,259.2312185841939,5.8672108175705535,1
9.534996287063773,153.79495125971238,863.79307262927,246.68825340503875,8.663233572360808,0
8.243431805880391,174.01138394461887,655.8158208910295,406.2385701508481,7.4189401672955455,1
4.915234257485568,192.9727469885743,658.3738793501893,366.5669530994202,5.030931899036064,1
7.457730161000879,149.68356362043207,592.0319020473682,396.01837510721305,6.988090581574541,0
7.640290278297135,171.23359699695942,783.5353323627942,238.8552490222218,8.568005558621497,1
6.544784027814316,178.57633000661147,764.4703850716326,303.56268749554465,6.623477329827387,1
8.418665413748336,183.86211214526287,506.1484068755681,235.3246187397952,9.386225891702056,0
9.60620208861409,173.5288311055445,402.1129208101849,265.2152561401468,9.043030785563728,0
9.553411077440657,162.65944321833356,569.5529043906514,254.09365082917125,8.837829709316658,0
6.705036228424793,153.4481955870256,479.99421534035304,361.9792003220781,6.080686455454006,0
4.679428275044532,171.7228776609275,590.4713138076968,280.188516094912,4.8403151044370265,0
9.909047193774008,148.55721976028786,785.6157202026209,353.4189666847008,5.772824789274411,1
9.033388518675604,111.57299033010786,531.4047517369816,330.2060444794259,7.392481881333441,1
4.747976087219601,178.73119608315335,593.5764928032638,415.18193760523945,8.091573427064711,0
9.525051295704234,188.0786968217239,608.7034102212593,226.0277888430138,2.656857190479105,0
9.21937817237277,122.74135128916323,727.2646323307927,362.96166198934,6.9837735967765,1
7.113028342756433,149.80538590580124,262.9665999023092,357.3220435200364,7.316178450646369,0
7.547652614469575,182.38308522010396,508.9949557852055,251.33105809864827,6.444911487368897,1
6.394016223220781,211.149909394234,631.6925538419209,350.356666823658,9.582547678031759,0
4.328569832932188,170.41587415350816,780.0118434640292,316.80724815131146,7.843560148501742,0
6.011183449875405,155.43994117541732,526.2146328740693,288.62618700232963,9.620383816161794,0
8.81712069158807,166.3420711779032,318.51709409371887,258.8032256514,6.568078959299536,1
4.027792138027618,197.4975283829637,692.9567168949204,264.0445274275407,8.87495498501385,0
6.000995030146865,157.08071641750928,504.6956416761556,402.4906047892963,10.270132789055038,1
6.38901216154566,154.01615986699494,421.5500011364458,300.0341409478741,9.623386898545322,0
7.2243736176275375,160.34512955635935,506.34819154301636,339.10650007657296,4.815716813142534,0
9.519133698476562,150.93342783482575,572.3211963516226,260.4550309166223,6.492647844915238,0
6.078075966195767,172.45340631989592,509.2883003192681,261.00735268891805,6.309670589100407,1
6.081719211377366,202.4935691693912,269.16509143513963,354.0992404624971,7.978509070152655,1
8.42500748865849,176.46158546232058,734.5599295330699,232.5211894224234,8.372707110029067,0
6.713307645338843,164.95292995747425,791.2312561918084,279.23931160473643,5.322214651948528,0
5.347628937639891,164.16377462168913,697.7282987009258,301.7013705536116,7.135677027833875,0
6.71463709679616,138.73618382606685,429.3471494362775,305.56863009200265,2.960145335687727,0
4.8451421222788,187.66219554294318,569.7762699078723,291.0453357491922,9.88389001160378,0
5.05832191903734,168.44325605974396,599.0218027155813,319.79098905479617,5.975251518646613,1
6.990206636436879,166.3904017281875,689.8191584342866,334.64278779089057,7.111727879688994,1
6.513552697027287,233.86215135689721,700.2510733077121,336.73187727296647,6.380700572023877,0
9.4890754064086,175.97505816731373,489.87393018322564,250.70980956660867,9.29205515002683,0
6.174363394699799,154.96417899809632,612.299333462034,285.79224510356016,1.324987117205242,1
7.4835301016682605,161.47284807588915,668.5920606922862,359.7381430938469,6.966779315348182,1
7.793585727517183,192.9689141839351,818.373348322015,344.7323593786936,6.788362485004604,0
4.078566739530002,172.26540821075528,705.6759809737084,231.3570274259468,6.092727224816635,0
7.9812242321002635,141.23444043365265,718.3585031063278,317.57399501761006,10.452453091271265,0
5.068215801218509,188.38457869150406,612.5739941894042,201.08873753125948,5.225341082288457,0
9.766421904816731,156.63711828922013,811.5688717805256,302.34674510301846,8.543592354471322,0
4.891976366518678,207.4659555243509,661.4644193939246,394.88835083729884,7.712505577412167,0
6.487744742362143,191.60096131429296,470.8368134739644,252.6053641365507,9.523038505071032,1
4.512098008471863,161.05356208682497,810.5054955187786,258.2838477254209,5.665621830444989,0
9.981245511075684,195.62032723470224,704.6854908808541,338.20148907864296,5.534062201752482,0
7.013170061987456,171.35711021054806,533.5433968307277,222.8599242395177,9.192139814954796,0
7.5723101039202625,187.05547350244439,528.0760548901135,268.362248505748,7.85064261666022,1
4.402458864330565,179.69465634588948,644.4863317711142,329.82205687908765,3.9101253066464827,1
8.499762822395066,153.07286690018253,669.4777192901377,268.2857076155299,5.921389971073459,0
5.259433558573514,157.12900335365077,629.5938398446809,288.2015006394514,7.772765307696122,0
9.388325736644283,190.59921635162323,646.6963010164327,337.20928551575173,8.675528443093178,1
5.2308378428920435,163.30449335786918,854.9936061864571,321.0773041768281,5.641538693614089,0
5.144126323981999,161.92703073516006,760.7314728352328,313.3409198147701,1.1714880203661178,0
4.219298007088569,150.89754841301294,628.5953386897537,283.04388603649807,8.046446371474067,0
6.832401670659996,178.47198131186923,741.1965871151225,318.5030557634478,4.559358620112048,0
7.3890467995756985,211.2504983848629,445.12141447086907,293.8133659950122,2.9653224037551773,0
4.394251836570114,148.64934171491456,659.6890574920213,322.8902804962892,1.3353481500317184,1
8.653165700170064,170.48438913345515,871.3959524599666,275.1533987441011,8.627961720395483,1
6.7197330084881655,198.24441110830858,567.293115691144,290.87155128102296,7.257234900809933,0
7.14634161596548,168.4071721750857,472.85491070713726,250.5021103723993,6.548687238575496,1
6.644576481629369,179.0474359249947,502.1866667110409,298.2496194996882,9.778048725925522,0
6.404578365251956,148.75212943706242,436.5550443986417,259.4499568185578,8.274649366046145,0
7.357841987849307,178.56614194415297,482.2857137808445,244.29767749190034,10.232600085443833,1
4.9314414755842755,166.25711469990904,544.4237852114957,312.9330573927694,4.2145290556660076,1
5.091568782971627,189.71459991359725,389.16494712320366,310.636988792883,6.930898752092073,0
9.170713726081104,193.74772103129501,602.3427500924405,339.1436867474286,3.7665732501039715,0
9.676692772801797,221.79127284037227,735.341576067997,278.44372152124504,6.541235336289065,1
6.239855897678518,181.5926634642715,463.83657297796196,320.4026423418378,6.502768292466645,1
5.624468038861322,176.51592633164333,827.8925885462653,327.5398786136832,8.253227274526141,1
7.863997259434095,173.8876860315467,676.6188132791392,322.2386903915797,7.091127762283796,0
6.452405026588578,162.93667414378623,754.5870878436086,258.7173158598929,8.246814276559832,0
4.152318133962069,176.76967686923382,501.3248169221794,307.4681741135594,8.406880266277788,0
4.936915584197142,164.0919717972194,728.1787840599924,318.20701480273306,11.309857354766283,0
8.295833373084385,173.36921952539228,436.209914940703,300.3589233453971,6.369406689427751,1
7.953543651460908,196.35195071215918,733.5371251254763,195.67611708144577,5.117954598667242,0
4.162575955020901,149.8691486944072,625.7759009690296,308.024481198674,7.492167230632818,0
5.331832971597697,192.7975712225809,682.9876829977176,410.62655196986213,5.395439945720913,1
5.386448779528428,196.3423013467973,423.66080915627225,281.99803656215084,9.963921536873071,0
8.03135646159237,167.63862946017844,465.73952365850926,263.59614510723395,6.433563922109535,0
4.118263226526185,127.5629020198281,689.5842327380077,318.66742798556993,5.868847264252019,1
4.624651491907443,157.84356025811135,457.7477993663699,315.61891052332857,6.057368557697764,1
8.799496512239136,195.93989093122218,669.4809438148684,359.63675827082074,8.436834846943281,1
5.071267972326002,169.54263875402236,394.9293290309631,237.10659220455562,6.68450603353703,0
7.916476647111248,150.0139553541018,727.2261319000003,336.56901262874965,5.716666359739236,1
5.429096686280359,159.90450157543566,415.12150278472365,329.52110306257316,10.330703835247062,1
4.596648356556071,186.81240053009105,682.8449906519285,292.8926731529727,5.2876603186765,0
5.459033145996725,180.9346713640276,693.8446400469002,316.9343658960845,7.071132148065987,0
8.333601591133956,165.2213580166061,495.48422723556376,351.47287407991786,8.30461230322046,1
9.134178808637714,162.66351176370625,687.303985062709,343.6157690014225,3.7373297791658535,0
8.98131918740195,162.16483701912355,639.0663395000333,242.84903439631358,7.96052100281185,1
6.383101177710729,151.55179631002994,519.1737215710892,341.0079093377742,4.889784649039101,0
8.008510819423877,202.30751378938885,448.7167973885688,296.76556974837405,8.645565561668004,0
5.229905772494925,163.5535906157732,305.6061462491131,303.6437049007758,5.074697976162048,0
5.75888638156608,194.34317041650993,652.4475070949541,303.65984955008474,8.385538063697721,1
9.37801491112672,200.42632103844903,365.27958429569173,292.487850560087,9.211666132589425,0
4.078011541064416,189.9662179629592,614.3016299161962,359.5853748553532,8.72287305126561,0
4.513051185126809,161.36759374563903,560.4827675876627,295.8141020075394,7.502633296476205,1
5.247317530876164,178.07460180673218,701.8714163157293,244.02269358084158,6.5373981141406015,1
4.1591932232429185,169.51608787218169,554.6931750765203,280.32350720151356,5.847160847330312,1
5.088612610538783,151.92596278539745,550.5828320479363,308.9347358405238,9.942069381634209,0
7.498249365818153,176.48718563443205,709.7806056432444,361.46073921485254,5.601009559664714,0
6.528547303554988,146.41920417680396,650.2587043626177,330.1547342474417,4.925867852860008,1
9.356030266461849,193.75358776923127,647.4233935774167,257.4732360626478,8.33073787006566,1
8.904661370430645,160.70765405403213,670.390138471279,424.2594958339446,5.4077263936270095,0
6.050904110187256,174.0231931174568,369.66418151893413,313.238765548899,5.099873005067746,0
5.556540600587755,175.66575743092284,713.5183019980473,363.76953689995077,4.112791475660471,1
6.278154449003601,164.82190052591847,691.8703191020404,292.41427832113857,6.034180321078964,0
7.541769655088847,181.7338760295055,447.4975307135254,326.66796223527246,6.834569952207014,1
5.6083818449372576,160.5019268675495,563.3879289488698,341.9734252259202,7.486183455321398,0
7.744893447094804,187.42594594914488,594.1039068558554,360.9097355877128,8.902612488598967,0
6.456469913147442,143.08040639506504,579.8254823397401,352.86841526891124,8.053795847331587,1
7.312283085111881,172.52759159092824,650.0789949852802,343.6098500036489,6.61825556089364,0
6.6167591748119,208.7785799811657,814.7050172746775,284.24566344029455,6.60360864724056,0
5.766794557251506,149.99337350788852,762.2650091509242,271.41269790219695,8.020314937830367,0
9.690719841772939,156.44510058950297,403.1671209852891,316.6303755162099,9.545140325857139,0
8.581634764958565,180.2781569931783,693.3104985459073,346.65640361705346,7.2526283989664,1
4.8406790545987155,173.59163563879196,799.3399979303115,288.86396496116964,6.061738291579182,1
9.210807855387477,177.01260198547118,658.0212781033804,353.25859828571936,5.0142679978289095,1
6.924587189497082,179.78374260295328,763.647063777895,372.630837274309,4.109589471175549,0
9.367313361364548,182.6944293712354,901.8405668551147,254.183954046329,8.332539344087046,0
8.799131535683891,192.19399683912445,753.5564319160472,258.153964810186,8.155957047279115,0
6.551281026815401,178.19637313857027,637.3962893462593,292.98124705473316,8.154727050213323,1
4.134815849920704,165.17484690762916,756.763271112713,315.38063340945985,6.742681107295888,1
5.6120641563096765,183.45147402405462,621.7331749645336,273.7716493116475,9.813869491783501,1
7.249805287965201,207.9976386979043,603.5854564927433,367.61013394335725,6.031763010830365,0
7.800869318956884,167.34732507234853,547.2878646429401,321.2033430759226,8.91053847441441,0
5.5473261125992135,150.50941390658716,834.5120038248162,301.97235241203697,6.922514210020914,0
4.836136444436945,192.14161338573945,477.2357001086998,228.2045238065736,5.783298470641325,0
9.009581420795794,167.59237672092803,829.8551587017174,234.20920917862463,8.185060614635523,0
9.906413084221313,126.54660907971927,674.9796185610558,314.0504625140903,7.819272237367987,1
7.154141093816115,186.94843354300843,390.10407377970876,193.3702186922582,7.713945518533852,0
5.030075715089821,159.29343628092155,655.1473939487132,350.63187048220357,7.162556844112397,0
5.633843959116214,168.1893343539168,284.99602385225637,292.09230778138397,6.924213836566338,0
4.110344059284801,176.6396066113803,693.8262025246554,462.1546484797367,11.776743985740877,1
9.485792839362993,173.80999359558132,732.7847224483487,415.39581253080553,9.368513290392347,1
4.706506497340847,184.18903634278078,511.14660665219196,290.92754653762415,8.445653789971024,1
7.459098853085521,161.29027258860313,618.5321543933374,294.6831498734343,7.223598316406776,1
5.644331324123236,180.26211596352167,893.123615062543,349.7790757001015,9.014314401193339,0
7.325068015094761,164.80906644832166,524.1379943607095,385.1586304959019,8.035989552782905,1
7.908522330111185,184.77620961775006,441.16386194150994,218.09854712819916,7.052409505548071,0
8.978450822243211,182.30734968026107,822.2495103693898,210.68122673226566,6.3928713494681695,0
5.2385276305636195,151.2912259591081,894.3880785796192,268.89825972228095,6.838165324674623,1
4.065974971950883,191.71964232350064,600.5543507771771,329.1368791586932,0.6591485282438887,1
4.821313780412844,159.28073109771904,751.7194553112535,324.84367952537986,7.421201678595284,0
9.400111851088631,186.1611559656229,801.2213873296322,353.4885727491925,6.023047839779281,0
9.243340465375091,177.3457462680268,488.6273651192424,240.0151235817346,10.185339996565768,0
7.58447861302185,206.76367353590246,527.2041246948197,184.19280685155616,7.038688141623509,0
7.60310116260192,165.53068035256297,784.6311769732102,342.90070976510725,4.622073160930077,0
7.990220047277533,163.01366407763604,852.7521418062764,258.5901863517383,6.9002396917437645,0
5.052227671740697,169.61160788224535,684.4321290261532,199.0756067805681,4.907757829874992,0
9.486471675549758,163.93640434331448,468.0278469746919,307.2531872979691,7.946814831424933,1
6.5126231493524385,185.998838038841,898.0591667549162,339.6587844109339,7.581894728678971,0
6.298831169496985,137.67378783126824,520.3543653282053,293.8971433939361,8.915679262216536,0
7.113506231697025,148.92635161707292,549.7293328242822,277.1075806908755,5.418236416610869,0
4.281795800650331,148.64394156841615,651.3506751734433,292.0318883927047,7.068016192456294,1
4.9977002125364764,189.0061518394715,833.1240631072161,281.47086187996086,4.2699564091467295,0
8.428201698558222,204.2122674516385,728.0963964828336,232.59764440299165,8.40298956384943,0
4.496792007550759,167.91101562925056,662.2298250542866,264.2659661504784,8.037742360880245,0
7.618912656798329,166.62356553619978,669.4932795177159,326.0639952506907,7.991610042055141,1
5.472094658087926,171.40104326226364,606.5272002965199,316.083927068825,7.003238062713883,1
6.335773684251859,193.2375660521638,683.7209271777759,308.402990298341,7.829545781577582,1
5.732162420624199,151.45293731618852,220.56598834585452,250.24257590733103,10.208678216617193,1
6.134036298789695,174.7673796546957,555.5088811395302,290.92484189321664,6.429811485915972,1
8.314275431105473,189.5039525956486,636.1982902375172,191.14674767785726,7.277290367420169,1
5.78273029373905,180.02188339879692,427.34788745707397,308.9238331942695,4.827747401637181,0
7.398427841781383,173.79163233197488,657.948497671734,371.4428853906784,5.263478076803335,0
6.856302413194598,190.02092185134282,569.3293168520818,226.2933933978947,7.195626586186615,1
7.982026992175889,115.93535414001525,863.3213547473235,270.7036163341122,9.207867093403815,0
9.620978435948548,183.55750639061816,835.9529587822285,316.45533893550646,6.487438351496855,0
8.395432583261503,156.91848633745153,530.1291646322755,362.6421317213742,6.528166941375752,1
5.28964227154454,133.38734206287086,577.3743432649957,277.58876918499254,6.18622951099125,0
4.187098810367708,180.22405199049962,588.9078651587411,265.3874835367052,5.930486658311354,1
5.57358426579895,197.47317090325916,532.2510785760566,201.55384287919583,7.589942911417643,1
7.570467584201529,167.25102970744615,629.253747604219,305.1719064654053,4.005484709642711,0
4.308554880905502,189.05749094405877,486.25768966686144,402.1038020071872,9.561879153333456,1
6.978197483207418,202.24556515977292,430.40769975937104,313.8679230982338,5.669155403741079,0
7.581057093501335,196.29828907168095,693.4066835850402,298.8860510408143,8.443806970876283,0
6.005463344901765,202.79929058742786,694.4294376332716,316.1041155383493,4.460002805212248,0
8.62547322247493,184.84254982143784,479.3526360510011,299.4453998025699,8.337680261092437,1
4.639589518802631,171.50867277803187,734.3033146143899,259.34928138699354,8.343889215628995,1
4.450826690414853,137.96068376205665,505.26334062520027,341.16399578388524,7.768404144011793,0
8.36913253722162,165.07875023740104,637.9747857056972,311.2880761555877,5.011142956400415,1
6.972947897237191,153.13506809367615,723.0516018918684,300.88066259668284,7.499096379196154,0
8.130414378566417,213.4188543499563,594.958115294443,251.23169863608751,4.6338876305312215,1
6.608964031622477,166.48228375135326,668.2111368211702,365.175396596738,6.494473489807629,0
5.478412199434641,172.46409613568972,522.5355534168642,333.2351372666555,9.058826201910652,1
8.914613906045197,181.02970752080935,570.5300124857854,272.3539581316349,8.593403854141485,0
8.796495273813875,170.87204892744907,569.1210853679489,350.09124268409687,7.030365885080866,0
8.16817882512656,203.90102080861504,488.0132480189642,275.12145808073967,5.050386848154316,0
5.632870823379776,157.54701276531097,573.4838755326327,260.89982537444814,8.291175424348387,1
7.541384001214523,173.89214910474485,367.707255170438,262.01484412598563,7.038762475396051,0
6.165843381640161,155.15058828603904,526.3269379286843,211.44657234559543,2.3593688035391533,1
4.5494924399598045,143.5995497755859,557.2686759945494,323.5771190209103,8.565259652633037,0
9.503881452773456,157.7646181818943,561.573037125693,208.4427560830825,6.951534332260616,0
4.820911785513768,169.25926405903175,563.7753831193832,238.57780843671188,9.404902495966144,0
9.701424122924815,161.4139555096548,590.7353700209807,196.22059954607334,4.809458962314391,1
6.676034637747734,156.15158040252288,671.9162277129096,295.69651536045535,0.6465923736079988,0
